Day,순서,유형,정답,예문,한글 해석,영영 뜻
Day 03,1,예문빈칸,accord,Companies are required to give factory workers a break every four hours in ( ) with the law.,기업들은 법에 부합하도록 공장 근로자들에게 4시간마다 휴식 시간을 주어야 한다.,
Day 03,2,예문빈칸,available,There are interesting online materials ( ) to learners these days.,요즘에는 학습자들이 이용 가능한 흥미로운 온라인 자료들이 있다.,
Day 03,3,예문빈칸,barely,"Emily Bronte's first book ( ) sold when it came out, though now it has become a classic.","에밀리 브론테의 첫 번째 책은 출간되었을 때 거의 팔리지 않았지만, 지금은 고전이 되었다.",
Day 03,4,예문빈칸,certify,"For a marriage to be recognized in the United States, two people must ( ) it by signing a piece of paper.","미국에서 결혼이 인정받기 위해서는, 두 사람이 한 장의 서류에 서명함으로써 그것을 증명해야 한다.",
Day 03,5,예문빈칸,comprehend,Studies show that very young children find it difficult to ( ) concepts like time.,연구들은 매우 어린 아이들이 시간과 같은 개념을 이해하기 어려워한다는 것을 보여준다.,
Day 03,6,예문빈칸,construct,Imagine that you've won the lottery and you are going to ( ) your dream house.,당신이 복권에 당첨되어서 꿈꾸던 주택을 건설한다고 상상해 보라.,
Day 03,7,예문빈칸,counters,The new research ( ) older ideas that music classes are not fair for students who lack musical talent.,새로운 연구는 음악 수업이 음악적 재능이 없는 학생들에게 공평하지 않다는 오래된 생각을 반박한다.,
Day 03,8,예문빈칸,cruel,"Training animals for the circuses has been stopped, as it is considered ( ).","서커스를 위해 동물들을 훈련시키는 것이 중단되어 왔는데, 그것이 잔인하다고 여겨지기 때문이다.",
Day 03,9,예문빈칸,devote,"To succeed as an athlete, one must ( ) all of one's time and energy to a chosen sport.","운동선수로 성공하기 위해서는, 자신의 모든 시간과 에너지를 선택한 스포츠에 쏟아야 한다.",
Day 03,10,예문빈칸,distrust,A survey reveals more than 60 percent of people ( ) the information from the news.,한 조사는 60퍼센트 이상의 사람들이 뉴스로부터 얻은 정보를 불신한다는 것을 보여 준다.,
Day 03,11,예문빈칸,enlarge,"As they enter their teenage years, young boys become stronger as their shoulders ( ) and their legs grow longer.","십 대에 들어서면, 어린 소년들은 어깨가 커지고 다리가 길어지면서 힘이 더 세진다.",
Day 03,12,예문빈칸,enormous,An ( ) amount of money and effort was spent on building the new church in Italy.,엄청난 양의 돈과 노력이 이탈리아의 그 새로운 교회를 짓는 데 들어갔다.,
Day 03,13,예문빈칸,excel,"The popular airlines have cheaper ticket prices, offer many flights, and ( ) in customer service.","인기 있는 항공사들은 더 싼 항공권 가격을 가지고 있고, 많은 항공편을 제공하고, 고객 서비스에 뛰어나다.",
Day 03,14,예문빈칸,factor,Some people think that pleasant weather is the most important ( ) that makes vacations enjoyable.,어떤 사람들은 쾌적한 날씨가 휴가를 즐겁게 만드는 가장 중요한 요소라고 생각한다.,
Day 03,15,예문빈칸,formats,"Indeed, the basic ( ) of traditional and modern dance are very different.","사실, 전통 무용과 현대 무용의 기본적인 구성은 매우 다르다.",
Day 03,16,예문빈칸,foster,Group exercises are good because they ( ) teamwork and trust among employees.,단체 운동은 직원들 사이의 팀워크와 신뢰를 육성하기 때문에 좋다.,
Day 03,17,예문빈칸,impart,Mentors provide advice to youths and also ( ) their own life experiences and lessons.,멘토는 젊은이들에게 조언을 제공하고 또한 그들 자신의 인생 경험과 교훈을 전달한다.,
Day 03,18,예문빈칸,influenced,"The earliest Japanese writers were greatly ( ) by the Chinese, using Chinese characters to create their own language.","초기 일본 작가들은 중국인들의 영향을 많이 받았으며, 한자를 사용하여 그들만의 언어를 만들었다.",
Day 03,19,예문빈칸,massive,"The Sea Star is a ( ) cruise ship that can carry nearly 7,000 passengers.",씨스타호는 대략 7천 명의 승객을 나를 수 있는 거대한 유람선이다.,
Day 03,20,예문빈칸,overly,"Today's parents are often ( ) protective, but it is important to let your children make mistakes.","오늘날의 부모들은 종종 지나치게 보호하려고 하지만, 당신의 아이들이 실수하게 두는 것은 중요하다.",
Day 03,21,예문빈칸,preoccupied,Fans can sometimes be too ( ) with the lives of their favorite stars.,팬들은 때때로 그들이 가장 좋아하는 스타들의 삶에 너무 몰두할 수 있다.,
Day 03,22,예문빈칸,probe,A new type of submarine was sent down to ( ) the environment of the deepest part of the ocean.,새로운 형태의 잠수함이 해양의 가장 깊은 지역의 환경을 탐사하기 위해 아래로 보내졌다.,
Day 03,23,예문빈칸,renowned,"Among the ( ) musicians that have performed at Carnegie Hall, Peter Ilich Tchaikovsky was the first to have a concert there.","카네기 홀에서 공연한 유명한 음악가 중에서, 표트르 일리치 차이콥스키가 그곳에서 콘서트를 한 최초의 인물이었다.",
Day 03,24,예문빈칸,spell,Children learn to ( ) by copying letters over and over again.,어린아이들은 문자를 반복해서 베낌으로써 철자를 쓰는 법을 배운다.,
Day 03,25,예문빈칸,threshold,Astronomers are unsure of what occurs at the ( ) of a black hole.,천문학자들은 블랙홀의 입구에서 무엇이 일어나는지 확신하지 못한다.,
Day 03,26,예문빈칸,tuned to,"Our bodies have a clock ( ) the sun, so we wake up or sleep at specific times.","우리의 신체가 태양에 맞춰진 시계를 가지고 있어서, 우리는 특정한 시간에 일어나거나 잔다.",
Day 03,27,예문빈칸,afflict,"The effects of climate change will ( ) all people, but especially those who live near the coast.","기후 변화의 영향은 모든 사람들을 괴롭힐 것이지만, 특히 해안 근처에 사는 사람들을 괴롭힐 것이다.",
Day 03,28,예문빈칸,coalesce,"In a perfect society, leaders, businesses, and citizens ( ) to improve the lives of all.","완벽한 사회에서는, 지도자들, 기업들, 그리고 시민들이 모두의 삶을 개선하기 위해 연합한다.",
Day 03,29,예문빈칸,impairs,"Smoking ( ) blood flow to the brain, which can decrease mental ability.","흡연은 뇌로 가는 혈액의 흐름을 악화시키는데, 이것은 지적 능력을 감소시킬 수 있다.",
Day 03,30,예문빈칸,integrate,Robots may one day become so developed that they can ( ) among humans completely.,로봇은 언젠가 너무 발전되어서 인간들 사이에 완전히 통합될 수도 있다.,
Day 04,1,예문빈칸,aligned,The United States ( ) with the United Kingdom during the second half of World War II.,미국은 제2차 세계대전 후반기에 영국과 동맹을 맺었다.,
Day 04,2,예문빈칸,balance,"Sometimes, small forest fires serve to ( ) the ecosystem.","때때로, 작은 산불은 생태계의 균형을 유지하는 데 기여한다.",
Day 04,3,예문빈칸,barren,"One misunderstanding of deserts is that they are ( ), with few plants or animals living there.","사막에 대한 한 가지 오해는 그것들이 척박하여, 그곳에 사는 식물이나 동물이 거의 없다는 것이다.",
Day 04,4,예문빈칸,characterized,"The viper is ( ) by a pair of fangs, which are long and sharp teeth.",독사는 길고 날카로운 이빨인 한 쌍의 송곳니로 특징지어진다.,
Day 04,5,예문빈칸,collapse,A large earthquake caused small buildings in the town to ( ).,큰 지진은 그 도시의 작은 건물들이 붕괴하도록 야기했다.,
Day 04,6,예문빈칸,coursing through,The Grand Canyon was created by the Colorado River ( ) the land for more than 5 million years.,그랜드 캐니언은 5백만 년 이상 땅을 가로질러 흐르는 콜로라도강에 의해 만들어졌다.,
Day 04,7,예문빈칸,crystallize,Writing out your goals helps to ( ) the steps you need to take in order to succeed.,목표를 적는 것은 당신이 성공하기 위해 취해야 할 필요가 있는 단계를 구체화하는 것을 돕는다.,
Day 04,8,예문빈칸,differs,The weather of Mars is quite harsh and ( ) a lot from that of Earth.,화성의 날씨는 매우 혹독하고 지구의 날씨와는 많이 다르다.,
Day 04,9,예문빈칸,divide,"Many experts ( ) the French painter's career into two periods, early and late.","많은 전문가들은 그 프랑스 화가의 이력을 전기와 후기, 두 시기로 나눈다.",
Day 04,10,예문빈칸,entire,The ( ) third floor of this library is filled with Greek and Roman history books.,이 도서관의 3층 전체가 그리스와 로마의 역사 책들로 채워져 있다.,
Day 04,11,예문빈칸,excitedly,Millions of people around the world ( ) watched NASA's rocket take off.,전 세계의 수백만 명의 사람들이 NASA의 로켓이 이륙하는 것을 신이 나서 지켜보았다.,
Day 04,12,예문빈칸,factual,Police officers must gather ( ) information when trying to solve a crime.,경찰관들은 범죄를 해결하려고 노력할 때 사실에 기반한 정보를 수집해야 한다.,
Day 04,13,예문빈칸,founded,"The first cities of the United States were ( ) on the Atlantic coast, especially near rivers.","미국 최초의 도시들은 대서양의 해안, 특히 강 근처에 세워졌다.",
Day 04,14,예문빈칸,frequent,New York City is hoping to prevent ( ) robberies in the city by adding more streetlights.,뉴욕시는 더 많은 가로등을 추가함으로써 도시 내의 빈번한 강도 사건들을 예방하기를 바라고 있다.,
Day 04,15,예문빈칸,Impatience,( ) can lead to careless actions and decisions that are made without thinking.,조급함은 부주의한 행동과 생각 없이 이루어지는 결정으로 이어질 수 있다.,
Day 04,16,예문빈칸,incidentally,"John Adams and Thomas Jefferson, two U.S. presidents, ( ) died on the same day in 1826.","두 명의 미국 대통령, 존 애덤스와 토머스 제퍼슨은 우연히 1826년 같은 날에 사망했다.",
Day 04,17,예문빈칸,inform,"Using head movements, the water birds ( ) others nearby that danger might be near.","머리의 움직임을 이용하여, 물새들은 근처의 다른 새들에게 위험이 가까이 있을지 모른다고 알린다.",
Day 04,18,예문빈칸,intended,Several CEOs said they ( ) to raise more money in order to develop space tourism.,몇몇 CEO들은 우주 관광을 개발하기 위해 더 많은 돈을 마련할 작정이라고 말했다.,
Day 04,19,예문빈칸,justly,A good person is not determined by possessions or power but by their choice to live ( ) and with honor.,좋은 사람은 소유물이나 권력에 의해 결정되는 것이 아니라 정당하고 명예롭게 살겠다는 그들의 선택에 의해 결정된다.,
Day 04,20,예문빈칸,likelihood,"Based on past data, the ( ) that the stock market will suddenly crash is low.","과거 자료에 따르면, 주식 시장이 갑자기 폭락할 가능성은 낮다.",
Day 04,21,예문빈칸,minute,Cats hear ( ) sounds made by insects that humans would never notice.,고양이는 인간이 결코 알아차리지 못할 곤충이 내는 미세한 소리를 듣는다.,
Day 04,22,예문빈칸,profound,Being badly injured in a bus accident at the age of 18 had a ( ) impact on Frida Kahlo's life and artwork.,18세의 나이에 버스 사고로 심각한 부상을 입은 것은 프리다 칼로의 삶과 예술 작품에 깊은 영향을 끼쳤다.,
Day 04,23,예문빈칸,progress,All of the students made ( ) in math once they started learning under the new system.,일단 새로운 시스템 아래에서 배우기 시작하자 모든 학생들은 수학에서 발전을 보였다.,
Day 04,24,예문빈칸,residue,Using too much shampoo can leave ( ) in your hair.,너무 많은 샴푸를 사용하는 것은 당신의 머리카락에 잔여물을 남길 수 있다.,
Day 04,25,예문빈칸,trigger,The recent floods were a ( ) for the country to take climate change more seriously.,최근의 홍수는 그 나라가 기후 변화를 더 심각하게 받아들이게 한 계기였다.,
Day 04,26,예문빈칸,underlies,Lots of effort ( ) the clothing brand's global popularity.,많은 노력이 그 의류 브랜드의 세계적인 인기의 토대를 이룬다.,
Day 04,27,예문빈칸,contemplate,Many third-year university students take some time off to ( ) what they want to do after graduation.,많은 대학교 3학년 학생들은 졸업 후에 무엇을 하고 싶은지 숙고하기 위해 휴학한다.,
Day 04,28,예문빈칸,inexplicably,"Despite all the warning signs, the volcano ( ) did not erupt.","모든 경고 신호에도 불구하고, 그 화산은 설명할 수 없이 폭발하지 않았다.",
Day 04,29,예문빈칸,palatial,The Taj Mahal is a ( ) structure in India that took more than 20 years to build.,타지마할은 건설하는 데 20년 이상이 걸린 인도의 대궐 같은 건축물이다.,
Day 04,30,예문빈칸,spontaneous,One of the most attractive aspects of jazz is the ( ) way musicians play a song.,재즈의 가장 매력적인 측면 중 하나는 음악가들이 노래를 연주하는 즉흥적인 방식이다.,
